{
	"providers": [
		{
			"type": "ttf",
			"file": "minecraft:negative_spaces.ttf",
			"shift": [0.0, 0.0],
			"size": 10.0,
			"oversample": 1.0
		},
		{
			"type": "bitmap",
			"file": "minecraft:font/test_cards/test.png",
			"ascent": 25,
			"height": 158,
			"chars": ["\uE200"]
		},
		{
			"type": "bitmap",
			"file": "minecraft:font/ametyist/dyk_necr.png",
			"ascent": 25,
			"height": 158,
			"chars": ["\uE201"]
		},
		{
			"type": "bitmap",
			"file": "minecraft:font/ametyist/goodmanik_stand.png",
			"ascent": 25,
			"height": 158,
			"chars": ["\uE202"]
		},
		{
			"type": "bitmap",
			"file": "minecraft:font/copper/k1ms_modnik.png",
			"ascent": 25,
			"height": 158,
			"chars": ["\uE203"]
		},
		{
			"type": "bitmap",
			"file": "minecraft:font/copper/levban_stand.png",
			"ascent": 25,
			"height": 158,
			"chars": ["\uE204"]
		},
		{
			"type": "bitmap",
			"file": "minecraft:font/copper/lishaynnick_standing.png",
			"ascent": 25,
			"height": 158,
			"chars": ["\uE205"]
		},
		{
			"type": "bitmap",
			"file": "minecraft:font/copper/vebray_rofl.png",
			"ascent": 25,
			"height": 158,
			"chars": ["\uE206"]
		},
		{
			"type": "bitmap",
			"file": "minecraft:font/diamond/finsk_winter.png",
			"ascent": 25,
			"height": 158,
			"chars": ["\uE207"]
		},
		{
			"type": "bitmap",
			"file": "minecraft:font/emerald/k1ms_maga_emer.png",
			"ascent": 25,
			"height": 158,
			"chars": ["\uE208"]
		},
		{
			"type": "bitmap",
			"file": "minecraft:font/gold/alpha_sidit.png",
			"ascent": 25,
			"height": 158,
			"chars": ["\uE209"]
		},
		{
			"type": "bitmap",
			"file": "minecraft:font/gold/uliana_nadziratel.png",
			"ascent": 25,
			"height": 158,
			"chars": ["\uE210"]
		},
		{
			"type": "bitmap",
			"file": "minecraft:font/green_copper/k1ms_modnik.png",
			"ascent": 25,
			"height": 158,
			"chars": ["\uE211"]
		},
		{
			"type": "bitmap",
			"file": "minecraft:font/iron/kashtain_drink.png",
			"ascent": 25,
			"height": 158,
			"chars": ["\uE212"]
		},
		{
			"type": "bitmap",
			"file": "minecraft:font/iron/thestepashich_sit.png",
			"ascent": 25,
			"height": 158,
			"chars": ["\uE213"]
		},
		{
			"type": "bitmap",
			"file": "minecraft:font/netherite/nether_demonid.png",
			"ascent": 25,
			"height": 158,
			"chars": ["\uE214"]
		},
		{
			"type": "bitmap",
			"file": "minecraft:font/netherite/the_mysterious_killer.png",
			"ascent": 25,
			"height": 158,
			"chars": ["\uE215"]
		}
	]
}